{
  "Australia": "Australia",
  "Austria": "Austria",
  "Azerbaijan": "Azerbaijan",
  "Aland_Islands": "Aland Islands",
  "Albania": "Albania",
  "Algeria": "Algeria",
  "Virgin_Islands_UK": "Virgin Islands (UK)",
  "Virgin_Islands_USA": "Virgin Islands (USA)",
  "American_Samoa": "American Samoa",
  "Angilla": "Angilla",
  "Angola": "Angola",
  "Andorra": "Andorra",
  "Antigua_and_Barbuda": "Antigua and Barbuda",
  "Argentina": "Argentina",
  "Armenia": "Armenia",
  "Aruba": "Aruba",
  "Afghanistan": "Afghanistan",
  "Bahamas": "Bahamas",
  "Bangladesh": "Bangladesh",
  "Barbados": "Barbados",
  "Bahrain": "Bahrain",
  "Belize": "Belize",
  "Belarus": "Belarus",
  "Belgium": "Belgium",
  "Benin": "Benin",
  "Bermuda": "Bermuda",
  "Bulgaria": "Bulgaria",
  "Bolivia": "Bolivia",
  "Bonair_Sint-Estaus_and_Saba": "Bonair, Sint-Estaus and Saba",
  "Bosnia_and_Herzegovina": "Bosnia and Herzegovina",
  "Botswana": "Botswana",
  "Brazil": "Brazil",
  "British_territory_in_the_Indian_Ocean": "British territory in the Indian Ocean",
  "Brunei": "Brunei",
  "Burkina-Faso": "Burkina-Faso",
  "Burundi": "Burundi",
  "Butane": "Butane",
  "Vanuatu": "Vanuatu",
  "Vatican": "Vatican",
  "Great_Britain": "Great Britain",
  "Hungary": "Hungary",
  "Venezuela": "Venezuela",
  "External_Small_Islands_of_the_United_States": "External Small Islands of the United States",
  "East_Timor": "East Timor",
  "Vietnam": "Vietnam",
  "Gabon": "Gabon",
  "Haiti": "Haiti",
  "Guyana": "Guyana",
  "Gambia": "Gambia",
  "Ghana": "Ghana",
  "Guadelup": "Guadelup",
  "Guatemala": "Guatemala",
  "Guiana": "Guiana",
  "Guinea": "Guinea",
  "Guinea-Bisau": "Guinea-Bisau",
  "Germany": "Germany",
  "Gernssey": "Gernssey",
  "Gibraltar": "Gibraltar",
  "Honduras": "Honduras",
  "Hong_Kong": "Hong Kong",
  "Grenada": "Grenada",
  "Greenland": "Greenland",
  "Greece": "Greece",
  "Georgia": "Georgia",
  "Guam": "Guam",
  "Denmark": "Denmark",
  "Jersey": "Jersey",
  "Djibuti": "Djibuti",
  "Dominica": "Dominica",
  "Dominican_Republic": "Dominican Republic",
  "DR_Congo": "DR Congo",
  "European_Union": "European Union",
  "Egypt": "Egypt",
  "Zambia": "Zambia",
  "Sadr": "Sadr",
  "Zimbabwe": "Zimbabwe",
  "Israel": "Israel",
  "India": "India",
  "Indonesia": "Indonesia",
  "Jordan": "Jordan",
  "Iraq": "Iraq",
  "Iran": "Iran",
  "Ireland": "Ireland",
  "Iceland": "Iceland",
  "Spain": "Spain",
  "Italy": "Italy",
  "Yemen": "Yemen",
  "Cape_Verde": "Cape Verde",
  "Kazakhstan": "Kazakhstan",
  "Islands_Kaiman": "Islands Kaiman",
  "Cambodia": "Cambodia",
  "Cameroon": "Cameroon",
  "Canada": "Canada",
  "Qatar": "Qatar",
  "Kenya": "Kenya",
  "Cyprus": "Cyprus",
  "Kyrgyzstan": "Kyrgyzstan",
  "Kiribati": "Kiribati",
  "Taiwan": "Taiwan",
  "DPRK": "DPRK",
  "China": "China",
  "Coconut_Islands": "Coconut Islands",
  "Colombia": "Colombia",
  "Comory": "Comory",
  "Costa_Rica": "Costa Rica",
  "Cat-dIvoire": "Cat-d’Ivoire",
  "Cuba": "Cuba",
  "Kuwait": "Kuwait",
  "Curasao": "Curasao",
  "Laos": "Laos",
  "Latvia": "Latvia",
  "Lesotho": "Lesotho",
  "Liberia": "Liberia",
  "Lebanon": "Lebanon",
  "Libya": "Libya",
  "Lithuania": "Lithuania",
  "Liechtenstein": "Liechtenstein",
  "Luxembourg": "Luxembourg",
  "Mauritius": "Mauritius",
  "Mauritania": "Mauritania",
  "Madagascar": "Madagascar",
  "Mayotta": "Mayotta",
  "Macau": "Macau",
  "North_Macedonia": "North Macedonia",
  "Malawi": "Malawi",
  "Malaysia": "Malaysia",
  "Mali": "Mali",
  "Maldives": "Maldives",
  "Malta": "Malta",
  "Morocco": "Morocco",
  "Martinique": "Martinique",
  "Marshall_Islands": "Marshall Islands",
  "Mexico": "Mexico",
  "Micronesia": "Micronesia",
  "Mozambique": "Mozambique",
  "Moldova": "Moldova",
  "Monaco": "Monaco",
  "Mongolia": "Mongolia",
  "Montserrat": "Montserrat",
  "Myanmar": "Myanmar",
  "Namibia": "Namibia",
  "Nauru": "Nauru",
  "Nepal": "Nepal",
  "Niger": "Niger",
  "Nigeria": "Nigeria",
  "Netherlands": "Netherlands",
  "Nicaragua": "Nicaragua",
  "Niue": "Niue",
  "New_Zealand": "New Zealand",
  "New_Caledonia": "New Caledonia",
  "Norway": "Norway",
  "UAE": "UAE",
  "Oman": "Oman",
  "Isle_Of_Man": "Isle Of Man",
  "Cook_Islands": "Cook Islands",
  "Norfolk_Island": "Norfolk Island",
  "The_island_of_Christmas": "The island of Christmas",
  "Pakistan": "Pakistan",
  "Palau": "Palau",
  "The_state_of_Palestine": "The state of Palestine",
  "Panama": "Panama",
  "Papua_New_Guinea": "Papua New Guinea",
  "Paraguay": "Paraguay",
  "Peru": "Peru",
  "Poland": "Poland",
  "Portugal": "Portugal",
  "Puerto_Rico": "Puerto Rico",
  "Republic_of_Congo": "Republic of Congo",
  "The_Republic_of_Korea": "The Republic of Korea",
  "Reunion": "Reunion",
  "Russia": "Russia",
  "Rwanda": "Rwanda",
  "Romania": "Romania",
  "Salvador": "Salvador",
  "Samoa": "Samoa",
  "San_Marino": "San Marino",
  "San_Tome_and_Principi": "San Tome and Principi",
  "Saudi_Arabia": "Saudi Arabia",
  "Esvatini": "Esvatini",
  "Northern_Mariana_Islands": "Northern Mariana Islands",
  "Seychelles": "Seychelles",
  "Saint-Barteli": "Saint-Barteli",
  "Saint-Martin": "Saint-Martin",
  "Saint-Pierre_and_Michelon": "Saint-Pierre and Michelon",
  "Senegal": "Senegal",
  "Saint-Vincent_and_Grenadines": "Saint-Vincent and Grenadines",
  "Saint-Chits_and_Nevis": "Saint-Chits and Nevis",
  "Saint-Lusia": "Saint-Lusia",
  "Serbia": "Serbia",
  "Singapore": "Singapore",
  "Sint-Martin": "Sint-Martin",
  "Syria": "Syria",
  "Slovakia": "Slovakia",
  "Slovenia": "Slovenia",
  "Solomon_islands": "Solomon islands",
  "Somalia": "Somalia",
  "Sudan": "Sudan",
  "Surinam": "Surinam",
  "USA": "USA",
  "Sierra_Leone": "Sierra Leone",
  "Tajikistan": "Tajikistan",
  "Thailand": "Thailand",
  "Tanzania": "Tanzania",
  "Terx_and_Kaikos": "Terx and Kaikos",
  "Togo": "Togo",
  "Tokelau": "Tokelau",
  "Tonga": "Tonga",
  "Trinidad_and_Tobago": "Trinidad and Tobago",
  "Tuvalu": "Tuvalu",
  "Tunisia": "Tunisia",
  "Turkmenistan": "Turkmenistan",
  "Turkey": "Turkey",
  "Uganda": "Uganda",
  "Uzbekistan": "Uzbekistan",
  "Ukraine": "Ukraine",
  "Wallis_and_Futuna": "Wallis and Futuna",
  "Uruguay": "Uruguay",
  "Fiji": "Fiji",
  "Philippines": "Philippines",
  "Finland": "Finland",
  "Falkland_Islands": "Falkland Islands",
  "France": "France",
  "French_polynesia": "French polynesia",
  "French_southern_and_Antarctic_territories": "French southern and Antarctic territories",
  "Croatia": "Croatia",
  "Tsar": "Tsar",
  "Chad": "Chad",
  "Montenegro": "Montenegro",
  "Czech": "Czech",
  "Chile": "Chile",
  "Switzerland": "Switzerland",
  "Sweden": "Sweden",
  "Spitsbergen_and_Yan-Maine": "Spitsbergen and Yan-Maine",
  "Sri_Lanka": "Sri Lanka",
  "Ecuador": "Ecuador",
  "Equatorial_Guinea": "Equatorial Guinea",
  "Eritrea": "Eritrea",
  "Estonia": "Estonia",
  "Ethiopia": "Ethiopia",
  "SOUTH_AFRICA": "SOUTH AFRICA",
  "South_George_and_Southern_Sandwichev_Islands": "South George and Southern Sandwichev Islands",
  "South_Sudan": "South Sudan",
  "Jamaica": "Jamaica",
  "Japan": "Japan",
  "Canberra": "Canberra",
  "Vein": "Vein",
  "Baku": "Baku",
  "Tirana": "Tirana",
  "Charlotte_Amalia": "Charlotte Amalia",
  "Pago_Pago": "Pago Pago",
  "Valley": "Valley",
  "Luanda": "Luanda",
  "Andorra-la-Velia": "Andorra-la-Velia",
  "Saint-Jones": "Saint-Jones",
  "Buenos_Aires": "Buenos Aires",
  "Yerevan": "Yerevan",
  "Orange": "Orange",
  "Kabul": "Kabul",
  "Nassau": "Nassau",
  "Dacca": "Dacca",
  "Bridgetown": "Bridgetown",
  "Manama": "Manama",
  "Belmopan": "Belmopan",
  "Minsk": "Minsk",
  "Brussels": "Brussels",
  "Porto-News": "Porto-News",
  "Hamilton": "Hamilton",
  "Sofia": "Sofia",
  "Suchero": "Suchero",
  "Kraleneik": "Kraleneik",
  "Sarajevo": "Sarajevo",
  "Gaboron": "Gaboron",
  "Brazilia": "Brazilia",
  "Diego-Garcia": "Diego-Garcia",
  "Rod-town": "Rod-town",
  "Bandar-Seri-Rivar": "Bandar-Seri-Rivar",
  "Uagadugu": "Uagadugu",
  "Gatega": "Gatega",
  "Thimphu": "Thimphu",
  "Portla": "Portla",
  "Rome": "Rome",
  "London": "London",
  "Budapest": "Budapest",
  "Caracas": "Caracas",
  "Dili": "Dili",
  "Hanoi": "Hanoi",
  "Libreville": "Libreville",
  "Port-o-car": "Port-o-car",
  "Georgetown": "Georgetown",
  "Banjul": "Banjul",
  "Akra": "Akra",
  "Conakry": "Conakry",
  "Bissau": "Bissau",
  "Berlin": "Berlin",
  "St_Petersburg_port": "St Petersburg port",
  "Form_of_government": "Form of government",
  "Tegusigalpa": "Tegusigalpa",
  "Saint-Jordes": "Saint-Jordes",
  "Athens": "Athens",
  "Tbilisi": "Tbilisi",
  "Hagata": "Hagata",
  "Copenhagen": "Copenhagen",
  "Saint_Helier": "Saint Helier",
  "Roso": "Roso",
  "Santo_Domingo": "Santo Domingo",
  "Kinshasa": "Kinshasa",
  "Cairo": "Cairo",
  "Lusaka": "Lusaka",
  "Tifariti": "Tifariti",
  "Harare": "Harare",
  "Jerusalem": "Jerusalem",
  "New_Delhi": "New Delhi",
  "Jakarta": "Jakarta",
  "Amman": "Amman",
  "Baghdad": "Baghdad",
  "Tehran": "Tehran",
  "Dublin": "Dublin",
  "Reykjavik": "Reykjavik",
  "Madrid": "Madrid",
  "San": "San",
  "PREA": "PREA",
  "Astana": "Astana",
  "Ton": "Ton",
  "Yaounde": "Yaounde",
  "Ottawa": "Ottawa",
  "Doha": "Doha",
  "Nairobi": "Nairobi",
  "South_Nicosia": "South Nicosia",
  "Bishkek": "Bishkek",
  "South_Tarava": "South Tarava",
  "Taibay": "Taibay",
  "Pyongyang": "Pyongyang",
  "Beijing": "Beijing",
  "West_Island": "West Island",
  "Bogota": "Bogota",
  "Moroni": "Moroni",
  "San_Jose": "San Jose",
  "Yamusucro": "Yamusucro",
  "Havana": "Havana",
  "El-Kuwait": "El-Kuwait",
  "Villemstad": "Villemstad",
  "Vyentyan": "Vyentyan",
  "Riga": "Riga",
  "Masera": "Masera",
  "Monrovia": "Monrovia",
  "Beirut": "Beirut",
  "Tripoli": "Tripoli",
  "Vilnius": "Vilnius",
  "Vadutz": "Vadutz",
  "Port-licks": "Port-licks",
  "OUDSHOT": "OUDSHOT",
  "Antananarivo": "Antananarivo",
  "Skopier": "Skopier",
  "Lilongve": "Lilongve",
  "Kuala_Lumpur": "Kuala Lumpur",
  "Bamako": "Bamako",
  "Male": "Male",
  "Valletta": "Valletta",
  "Rabat": "Rabat",
  "Majuro": "Majuro",
  "Mexico_City": "Mexico City",
  "Palikir": "Palikir",
  "Maputa": "Maputa",
  "Kishinev": "Kishinev",
  "Ulan_Bator": "Ulan Bator",
  "Plymouth": "Plymouth",
  "Nupid": "Nupid",
  "Windhuk": "Windhuk",
  "Yaren": "Yaren",
  "Kathmandu": "Kathmandu",
  "Niamay": "Niamay",
  "Abuja": "Abuja",
  "Amsterdam": "Amsterdam",
  "Managua": "Managua",
  "Alofi": "Alofi",
  "Wellington": "Wellington",
  "Noumea": "Noumea",
  "Oslo": "Oslo",
  "Abu_Dhabi": "Abu Dhabi",
  "Maskat": "Maskat",
  "Douglas": "Douglas",
  "Avarua": "Avarua",
  "Kingston": "Kingston",
  "Flying-fish-kok": "Flying-fish-kok",
  "Islamabad": "Islamabad",
  "Ngerulmud": "Ngerulmud",
  "Ramallah": "Ramallah",
  "Port_Morsby": "Port Morsby",
  "Asuncion": "Asuncion",
  "Lima": "Lima",
  "Warsaw": "Warsaw",
  "Lisbon": "Lisbon",
  "San_Juan": "San Juan",
  "Brazzaville": "Brazzaville",
  "Seoul": "Seoul",
  "Moscow": "Moscow",
  "Kigali": "Kigali",
  "Bucharest": "Bucharest",
  "San_Salvador": "San Salvador",
  "Apia": "Apia",
  "San_Tome": "San Tome",
  "Er-Riyad": "Er-Riyad",
  "Mbaban": "Mbaban",
  "Saipan": "Saipan",
  "Victoria": "Victoria",
  "Marigo": "Marigo",
  "Saint-Pierre": "Saint-Pierre",
  "Dakar": "Dakar",
  "Kingstown": "Kingstown",
  "Buster": "Buster",
  "Castro": "Castro",
  "Belgrade": "Belgrade",
  "Filipsburg": "Filipsburg",
  "Damascus": "Damascus",
  "Bratislava": "Bratislava",
  "Ljubljana": "Ljubljana",
  "Honiara": "Honiara",
  "Mogadishu": "Mogadishu",
  "Hartum": "Hartum",
  "Paramaribo": "Paramaribo",
  "Washington": "Washington",
  "Fritown": "Fritown",
  "Dushanbe": "Dushanbe",
  "Bangkok": "Bangkok",
  "Dodoma": "Dodoma",
  "KOBERN-Town": "KOBERN-Town",
  "Scrap": "Scrap",
  "Ataf": "Ataf",
  "Nucualof": "Nucualof",
  "Port-off-sen": "Port-off-sen",
  "Funaafuti": "Funaafuti",
  "Ashgabat": "Ashgabat",
  "Ankara": "Ankara",
  "Campala": "Campala",
  "Tashkent": "Tashkent",
  "Kyiv": "Kyiv",
  "Mata-utu": "Mata-utu",
  "Montevideo": "Montevideo",
  "Suva": "Suva",
  "Manil": "Manil",
  "Helsinki": "Helsinki",
  "Stanley": "Stanley",
  "Paris": "Paris",
  "Papete": "Papete",
  "Zagreb": "Zagreb",
  "Bangs": "Bangs",
  "Njamen": "Njamen",
  "Podgorica": "Podgorica",
  "Prague": "Prague",
  "Santiago": "Santiago",
  "De-Jure": "De-Jure",
  "Stockholm": "Stockholm",
  "Sri-Jayavardenepura-Kotta": "Sri-Jayavardenepura-Kotta",
  "Quito": "Quito",
  "Malabo": "Malabo",
  "Asmera": "Asmera",
  "Tallinn": "Tallinn",
  "Addis_Ababa": "Addis Ababa",
  "Praetory": "Praetory",
  "King_Edward-Pontent": "King Edward-Pontent",
  "Juba": "Juba",
  "Tokyo": "Tokyo",
  "Asia": "Asia",
  "America": "America",
  "Antarctica": "Antarctica",
  "Africa": "Africa",
  "Europe": "Europe",
  "Oceania": "Oceania",
  "Berne": "Berne",
  "back": "back",
  "start": "start",
  "modes": "modes",
  "settings": "settings",
  "settingDescLocation": "Parts of the world participating in the test",
  "settingDescAnswerField": "Answer Field",
  "settingDescQuestionField": "Question Field",
  "countryName": "Country name",
  "countryFlag": "Flag",
  "countryCOA": "Coat of arms",
  "countryMap": "Map",
  "countryCapital": "Capital",
  "countryDomain": "Domain",
  "swapFields": "swap fields",
  "clearLocalStorage": "clear localStorage",
  "clearLocalStorageConfirmMessage": "Are you sure you want to clear localStorage?",
  "countryOrderDesc": "Country Order",
  "default": "Default",
  "random": "Random",
  "infinite": "Infinite",
  "hintsCountDesc": "Hints Count",
  "Islands": "Islands",
  "exitMessage": "exit",
  "exitConfirmMessage": "Are you sure you want to exit?",
  "next": "next",
  "restart": "restart",
  "countriesTable": "table of countries",
  "answersCount": "Count of possible answers",
  "withHint": "With a hint",
  "success": "Success",
  "errors": "Errors",
  "result": "Result",
  "location": "Location",
  "Mariehamn": "Mariehamn",
  "search": "search",
  "Nuuk": "Nuuk"
}
