{
  "Australia": "Australia",
  "Austria": "Austria",
  "Azerbaijan": "Azerbaiyán",
  "Aland_Islands": "Islas Aland",
  "Albania": "Albania",
  "Algeria": "Argelia",
  "Virgin_Islands_UK": "Islas Vírgenes (Reino Unido)",
  "Virgin_Islands_USA": "Islas Virgen (EE UU.).",
  "American_Samoa": "Samoa Americana",
  "Angilla": "Angilla",
  "Angola": "Angola",
  "Andorra": "Andorra",
  "Antigua_and_Barbuda": "Antigua y Barbuda",
  "Argentina": "Argentina",
  "Armenia": "Armenia",
  "Aruba": "Aruba",
  "Afghanistan": "Afganistán",
  "Bahamas": "Bahamas",
  "Bangladesh": "Bangladesh",
  "Barbados": "Barbados",
  "Bahrain": "Bahrein",
  "Belize": "Belice",
  "Belarus": "Bielorrusia",
  "Belgium": "Bélgica",
  "Benin": "Benin",
  "Bermuda": "Islas Bermudas",
  "Bulgaria": "Bulgaria",
  "Bolivia": "Bolivia",
  "Bonair_Sint-Estaus_and_Saba": "Bonair, Sint-Oesta y Saba",
  "Bosnia_and_Herzegovina": "Bosnia y Herzegovina",
  "Botswana": "Botswana",
  "Brazil": "Brasil",
  "British_territory_in_the_Indian_Ocean": "Territorio británico en el Océano Índico",
  "Brunei": "Brunei",
  "Burkina-Faso": "Burkina Faso",
  "Burundi": "Burundi",
  "Butane": "Butano",
  "Vanuatu": "Vanuatu",
  "Vatican": "Vaticano",
  "Great_Britain": "Gran Bretaña",
  "Hungary": "Hungría",
  "Venezuela": "Venezuela",
  "External_Small_Islands_of_the_United_States": "Pequeñas islas externas de los Estados Unidos",
  "East_Timor": "Timor este",
  "Vietnam": "Vietnam",
  "Gabon": "Gabón",
  "Haiti": "Haití",
  "Guyana": "Guayana",
  "Gambia": "Gambia",
  "Ghana": "Ghana",
  "Guadelup": "Guadelup",
  "Guatemala": "Guatemala",
  "Guiana": "Guayana",
  "Guinea": "Guinea",
  "Guinea-Bisau": "Guinea-Bisau",
  "Germany": "Alemania",
  "Gernssey": "Gernssey",
  "Gibraltar": "Gibraltar",
  "Honduras": "Honduras",
  "Hong_Kong": "Hong Kong",
  "Grenada": "Granada",
  "Greenland": "Groenlandia",
  "Greece": "Grecia",
  "Georgia": "Georgia",
  "Guam": "Guam",
  "Denmark": "Dinamarca",
  "Jersey": "Jersey",
  "Djibuti": "Djibuti",
  "Dominica": "Dominica",
  "Dominican_Republic": "República Dominicana",
  "DR_Congo": "Dr Congo.",
  "European_Union": "Unión Europea",
  "Egypt": "Egipto",
  "Zambia": "Zambia",
  "Sadr": "Sadr",
  "Zimbabwe": "Zimbabue",
  "Israel": "Israel",
  "India": "India",
  "Indonesia": "Indonesia",
  "Jordan": "Jordán",
  "Iraq": "Irak",
  "Iran": "Irán",
  "Ireland": "Irlanda",
  "Iceland": "Islandia",
  "Spain": "España",
  "Italy": "Italia",
  "Yemen": "Yemen",
  "Cape_Verde": "Cabo Verde",
  "Kazakhstan": "Kazajstán",
  "Islands_Kaiman": "Islas Kaiman",
  "Cambodia": "Camboya",
  "Cameroon": "Camerún",
  "Canada": "Canadá",
  "Qatar": "Katar",
  "Kenya": "Kenia",
  "Cyprus": "Chipre",
  "Kyrgyzstan": "Kirguistán",
  "Kiribati": "Kiribati",
  "Taiwan": "Taiwán",
  "DPRK": "DPRK",
  "China": "Porcelana",
  "Coconut_Islands": "Islas de coco",
  "Colombia": "Colombia",
  "Comory": "Comía",
  "Costa_Rica": "Costa Rica",
  "Cat-dIvoire": "Gato-d’ivoire",
  "Cuba": "Cuba",
  "Kuwait": "Kuwait",
  "Curasao": "Curasao",
  "Laos": "Laos",
  "Latvia": "Letonia",
  "Lesotho": "Lesoto",
  "Liberia": "Liberia",
  "Lebanon": "Líbano",
  "Libya": "Libia",
  "Lithuania": "Lituania",
  "Liechtenstein": "Liechtenstein",
  "Luxembourg": "Luxemburgo",
  "Mauritius": "Mauricio",
  "Mauritania": "Mauritania",
  "Madagascar": "Madagascar",
  "Mayotta": "Mayotta",
  "Macau": "Macao",
  "North_Macedonia": "Macedonia del Norte",
  "Malawi": "Malawi",
  "Malaysia": "Malasia",
  "Mali": "Mali",
  "Maldives": "Maldivas",
  "Malta": "Malta",
  "Morocco": "Marruecos",
  "Martinique": "Martinica",
  "Marshall_Islands": "Islas Marshall",
  "Mexico": "México",
  "Micronesia": "Micronesia",
  "Mozambique": "Mozambique",
  "Moldova": "Moldavia",
  "Monaco": "Mónaco",
  "Mongolia": "Mongolia",
  "Montserrat": "Montserrat",
  "Myanmar": "Myanmar",
  "Namibia": "Namibia",
  "Nauru": "Nauru",
  "Nepal": "Nepal",
  "Niger": "Níger",
  "Nigeria": "Nigeria",
  "Netherlands": "Países Bajos",
  "Nicaragua": "Nicaragua",
  "Niue": "Niue",
  "New_Zealand": "Nueva Zelanda",
  "New_Caledonia": "Nueva Caledonia",
  "Norway": "Noruega",
  "UAE": "EAU",
  "Oman": "Omán",
  "Isle_Of_Man": "Isla del hombre",
  "Cook_Islands": "Islas Cook",
  "Norfolk_Island": "Isla Norfolk",
  "The_island_of_Christmas": "La isla de la Navidad",
  "Pakistan": "Pakistán",
  "Palau": "Palau",
  "The_state_of_Palestine": "El estado de Palestina",
  "Panama": "Panamá",
  "Papua_New_Guinea": "Papúa Nueva Guinea",
  "Paraguay": "Paraguay",
  "Peru": "Perú",
  "Poland": "Polonia",
  "Portugal": "Portugal",
  "Puerto_Rico": "Puerto Rico",
  "Republic_of_Congo": "República del Congo",
  "The_Republic_of_Korea": "La República de Corea",
  "Reunion": "Reunión",
  "Russia": "Rusia",
  "Rwanda": "Ruanda",
  "Romania": "Rumania",
  "Salvador": "El Salvador",
  "Samoa": "Samoa",
  "San_Marino": "San Marino",
  "San_Tome_and_Principi": "San Tome y Principi",
  "Saudi_Arabia": "Arabia Saudita",
  "Esvatini": "Esvatini",
  "Northern_Mariana_Islands": "Islas Marianas del Norte",
  "Seychelles": "Seychelles",
  "Saint-Barteli": "Santo Barteli",
  "Saint-Martin": "San Martín",
  "Saint-Pierre_and_Michelon": "Saint-Pierre y Michelon",
  "Senegal": "Senegal",
  "Saint-Vincent_and_Grenadines": "Saint-Vincent y Granadines",
  "Saint-Chits_and_Nevis": "Chits santos y Nevis",
  "Saint-Lusia": "Saint-Lusia",
  "Serbia": "Serbia",
  "Singapore": "Singapur",
  "Sint-Martin": "Sint-Martin",
  "Syria": "Siria",
  "Slovakia": "Eslovaquia",
  "Slovenia": "Eslovenia",
  "Solomon_islands": "Islas Salomón",
  "Somalia": "Somalia",
  "Sudan": "Sudán",
  "Surinam": "Surinam",
  "USA": "EEUU.",
  "Sierra_Leone": "Sierra Leona",
  "Tajikistan": "Tayikistán",
  "Thailand": "Tailandia",
  "Tanzania": "Tanzania",
  "Terx_and_Kaikos": "Terx y Kaikos",
  "Togo": "Para llevar",
  "Tokelau": "Tokelau",
  "Tonga": "Tonga",
  "Trinidad_and_Tobago": "Trinidad y Tobago",
  "Tuvalu": "Tuvalu",
  "Tunisia": "Túnez",
  "Turkmenistan": "Turkmenistán",
  "Turkey": "Pavo",
  "Uganda": "Uganda",
  "Uzbekistan": "Uzbekistán",
  "Ukraine": "Ucrania",
  "Wallis_and_Futuna": "Wallis y Futuna",
  "Uruguay": "Uruguay",
  "Fiji": "Fiji",
  "Philippines": "Filipinas",
  "Finland": "Finlandia",
  "Falkland_Islands": "Islas Malvinas",
  "France": "Francia",
  "French_polynesia": "Polinesia francés",
  "French_southern_and_Antarctic_territories": "Territorios franceses del sur y antártico",
  "Croatia": "Croacia",
  "Tsar": "Zar",
  "Chad": "Chad",
  "Montenegro": "Montenegro",
  "Czech": "Checo",
  "Chile": "Chile",
  "Switzerland": "Suiza",
  "Sweden": "Suecia",
  "Spitsbergen_and_Yan-Maine": "Spitsbergen y Yan-Maine",
  "Sri_Lanka": "Sri Lanka",
  "Ecuador": "Ecuador",
  "Equatorial_Guinea": "Guinea Ecuatorial",
  "Eritrea": "Eritrea",
  "Estonia": "Estonia",
  "Ethiopia": "Etiopía",
  "SOUTH_AFRICA": "SUDÁFRICA",
  "South_George_and_Southern_Sandwichev_Islands": "South George y Southern Sandwichev Islands",
  "South_Sudan": "Sudán del Sur",
  "Jamaica": "Jamaica",
  "Japan": "Japón",
  "Canberra": "Canberra",
  "Vein": "Vena",
  "Baku": "Bakú",
  "Tirana": "Tirana",
  "Charlotte_Amalia": "Charlotte Amalia",
  "Pago_Pago": "Pago Pago",
  "Valley": "Valle",
  "Luanda": "Luanda",
  "Andorra-la-Velia": "Andorra-La-Velia",
  "Saint-Jones": "Santo Jones",
  "Buenos_Aires": "Buenos Aires",
  "Yerevan": "Ereván",
  "Orange": "Naranja",
  "Kabul": "Kabul",
  "Nassau": "Nassau",
  "Dacca": "Dacca",
  "Bridgetown": "Bridgetown",
  "Manama": "Manama",
  "Belmopan": "Belmopan",
  "Minsk": "Minsk",
  "Brussels": "Bruselas",
  "Porto-News": "Porto-News",
  "Hamilton": "Hamilton",
  "Sofia": "Sofía",
  "Suchero": "Salero",
  "Kraleneik": "Kraleneik",
  "Sarajevo": "Sarajevo",
  "Gaboron": "Gaboron",
  "Brazilia": "Brasilia",
  "Diego-Garcia": "Diego-García",
  "Rod-town": "Pueblo de barra",
  "Bandar-Seri-Rivar": "Bandar-Seri-Rivar",
  "Uagadugu": "Uagadugu",
  "Gatega": "Gatega",
  "Thimphu": "Thimphu",
  "Portla": "Portla",
  "Rome": "Roma",
  "London": "Londres",
  "Budapest": "Budapest",
  "Caracas": "Caracas",
  "Dili": "Dili",
  "Hanoi": "Hanoi",
  "Libreville": "Libreville",
  "Port-o-car": "Port-O-Car",
  "Georgetown": "Georgetown",
  "Banjul": "Banjul",
  "Akra": "Akra",
  "Conakry": "Conakry",
  "Bissau": "Bissau",
  "Berlin": "Berlina",
  "St_Petersburg_port": "Puerto de San Petersburgo",
  "Form_of_government": "Forma de gobierno",
  "Tegusigalpa": "Tegusigalpa",
  "Saint-Jordes": "Saint-Jordes",
  "Athens": "Atenas",
  "Tbilisi": "Tbilisi",
  "Hagata": "Hagata",
  "Copenhagen": "Copenhague",
  "Saint_Helier": "Santo Helier",
  "Roso": "Reno",
  "Santo_Domingo": "Santo Domingo",
  "Kinshasa": "Kinshasa",
  "Cairo": "El Cairo",
  "Lusaka": "Lusaka",
  "Tifariti": "Tifariti",
  "Harare": "Harare",
  "Jerusalem": "Jerusalén",
  "New_Delhi": "Nueva Delhi",
  "Jakarta": "Jacarta",
  "Amman": "Amman",
  "Baghdad": "Bagdad",
  "Tehran": "Teherán",
  "Dublin": "Dublín",
  "Reykjavik": "Reikiavik",
  "Madrid": "Madrid",
  "San": "San",
  "PREA": "Pre",
  "Astana": "Astana",
  "Ton": "Tonelada",
  "Yaounde": "Yaounde",
  "Ottawa": "Ottawa",
  "Doha": "Doha",
  "Nairobi": "Nairobi",
  "South_Nicosia": "South Nicosia",
  "Bishkek": "Bishkek",
  "South_Tarava": "Tarava del sur",
  "Taibay": "Taibay",
  "Pyongyang": "Pyongyang",
  "Beijing": "Beijing",
  "West_Island": "Isla Oeste",
  "Bogota": "Bogotá",
  "Moroni": "Moroni",
  "San_Jose": "San Jose",
  "Yamusucro": "Yamusucro",
  "Havana": "La Habana",
  "El-Kuwait": "El-Kuwait",
  "Villemstad": "Villemstad",
  "Vyentyan": "Vyentyan",
  "Riga": "Riga",
  "Masera": "Masera",
  "Monrovia": "Monrovia",
  "Beirut": "Beirut",
  "Tripoli": "Trípoli",
  "Vilnius": "Vilna",
  "Vadutz": "Vadutz",
  "Port-licks": "Holgazanería",
  "OUDSHOT": "Oudshot",
  "Antananarivo": "Antananarivo",
  "Skopier": "Skopier",
  "Lilongve": "Lilongve",
  "Kuala_Lumpur": "Kuala Lumpur",
  "Bamako": "Bamako",
  "Male": "Masculino",
  "Valletta": "Valletta",
  "Rabat": "Rabat",
  "Majuro": "Majuro",
  "Mexico_City": "Ciudad de México",
  "Palikir": "Palikir",
  "Maputa": "Maputa",
  "Kishinev": "Kishinev",
  "Ulan_Bator": "Ulan Bator",
  "Plymouth": "Plymouth",
  "Nupid": "Nupid",
  "Windhuk": "Windhuk",
  "Yaren": "Yaren",
  "Kathmandu": "Katmandú",
  "Niamay": "Niamay",
  "Abuja": "Abuja",
  "Amsterdam": "Amsterdam",
  "Managua": "Gerente",
  "Alofi": "Alofi",
  "Wellington": "Wellington",
  "Noumea": "Noumea",
  "Oslo": "Oslo",
  "Abu_Dhabi": "Abu Dhabi",
  "Maskat": "Maskat",
  "Douglas": "Douglas",
  "Avarua": "Avarua",
  "Kingston": "Kingston",
  "Flying-fish-kok": "Flying-Fish-Kok",
  "Islamabad": "Islamabad",
  "Ngerulmud": "Ngerulmud",
  "Ramallah": "Ramallah",
  "Port_Morsby": "Port Morsby",
  "Asuncion": "Asunción",
  "Lima": "Lima",
  "Warsaw": "Varsovia",
  "Lisbon": "Lisboa",
  "San_Juan": "San Juan",
  "Brazzaville": "Brazzaville",
  "Seoul": "Seúl",
  "Moscow": "Moscú",
  "Kigali": "Kigali",
  "Bucharest": "Bucarest",
  "San_Salvador": "San Salvador",
  "Apia": "Apía",
  "San_Tome": "San Tome",
  "Er-Riyad": "Er-riyad",
  "Mbaban": "Mbaban",
  "Saipan": "Saipan",
  "Victoria": "Victoria",
  "Marigo": "Margo",
  "Saint-Pierre": "San Pierre",
  "Dakar": "Dakar",
  "Kingstown": "Kingstown",
  "Buster": "Buster",
  "Castro": "Castro",
  "Belgrade": "Belgrado",
  "Filipsburg": "Filipsburg",
  "Damascus": "Damasco",
  "Bratislava": "Bratislava",
  "Ljubljana": "Ljubljana",
  "Honiara": "Honiara",
  "Mogadishu": "Mogadisio",
  "Hartum": "Hartum",
  "Paramaribo": "Paramaribo",
  "Washington": "Washington",
  "Fritown": "Fritown",
  "Dushanbe": "Dushanbe",
  "Bangkok": "Bangkok",
  "Dodoma": "Doma",
  "KOBERN-Town": "Kobern-Town",
  "Scrap": "Chatarra",
  "Ataf": "ATAF",
  "Nucualof": "Nucualof",
  "Port-off-sen": "Port-off-sen",
  "Funaafuti": "Funaafuti",
  "Ashgabat": "Ashgabat",
  "Ankara": "Ankara",
  "Campala": "Campala",
  "Tashkent": "Tashkent",
  "Kyiv": "Kyiv",
  "Mata-utu": "Mata-Utu",
  "Montevideo": "Montevideo",
  "Suva": "Suva",
  "Manil": "Manil",
  "Helsinki": "Helsinki",
  "Stanley": "Stanley",
  "Paris": "París",
  "Papete": "Papete",
  "Zagreb": "Zagreb",
  "Bangs": "Golpes",
  "Njamen": "Njamen",
  "Podgorica": "Podgorica",
  "Prague": "Praga",
  "Santiago": "Santiago",
  "De-Jure": "Desjure",
  "Stockholm": "Estocolmo",
  "Sri-Jayavardenepura-Kotta": "Sri-jayavardenepura-kotta",
  "Quito": "Quito",
  "Malabo": "Malabo",
  "Asmera": "Asmera",
  "Tallinn": "Tallinn",
  "Addis_Ababa": "Addis Abeba",
  "Praetory": "Praetory",
  "King_Edward-Pontent": "Rey Edward-Pontent",
  "Juba": "Juba",
  "Tokyo": "Tokio",
  "Asia": "Asia",
  "America": "America",
  "Antarctica": "Antártida",
  "Africa": "África",
  "Europe": "Europa",
  "Oceania": "Oceanía",
  "Berne": "Berna",
  "back": "espalda",
  "start": "comienzo",
  "modes": "modos",
  "settings": "ajustes",
  "settingDescLocation": "Partes del mundo que participan en la prueba",
  "settingDescAnswerField": "Campo de respuesta",
  "settingDescQuestionField": "Campo de preguntas",
  "countryName": "Nombre del país",
  "countryFlag": "Bandera",
  "countryCOA": "Escudo de armas",
  "countryMap": "Mapa",
  "countryCapital": "Capital",
  "countryDomain": "Dominio",
  "swapFields": "Campos de intercambio",
  "clearLocalStorage": "Clear LocalStorage",
  "clearLocalStorageConfirmMessage": "¿Estás seguro de que quieres borrar LocalStorage?",
  "countryOrderDesc": "Orden de país",
  "default": "Defecto",
  "random": "Aleatorio",
  "infinite": "Infinito",
  "hintsCountDesc": "Las sugerencias cuentan",
  "Islands": "Islas",
  "exitMessage": "salida",
  "exitConfirmMessage": "¿Seguro que quieres salir?",
  "next": "próximo",
  "restart": "reiniciar",
  "countriesTable": "Tabla de países",
  "answersCount": "Recuento de posibles respuestas",
  "withHint": "Con una pista",
  "success": "Éxito",
  "errors": "Errores",
  "result": "Resultado",
  "location": "Localización",
  "Mariehamn": "Mariehamn",
  "search": "búsqueda",
  "Nuuk": "Nuuk",
  "nextQuestionDelay": "Retraso antes del cambio automático"
}
